Restaurant / Food Spot,Area,Cuisine / Type,Price Range per Person (₱),Best For,Specialty / Must Try,Location / Link
Good Taste Cafe & Restaurant,Baguio,"Chinese–Filipino, big servings",150–300,"Budget groups, post-travel meals","Pancit canton platters, fried chicken, rice meals",https://www.tripadvisor.com.ph/Restaurant_Review-g298445-d2033633
Cafe by the Ruins,Baguio,"Filipino fusion, cafe",400–600,Brunch or lunch with Baguio vibe,"Native hot chocolate, camote bread, local mains",https://www.facebook.com/cafebytheruins/
Farmers Daughter,Baguio (near Tam-awan),Cordilleran / Filipino,300–500,"Authentic Cordilleran food, sharing dishes","Pinikpikan-style dishes, etag, vegetable plates",https://ph.trip.com/guide/food/where-to-eat-in-baguio.html
50s Diner,Baguio,American comfort food,200–400,"Casual dinner, burgers and pasta","Huge burger and pasta plates, milkshakes",https://www.zomato.com/baguio-city/50s-diner-baguio-city
Hill Station,Baguio (Casa Vallejo),European / Asian fusion,"600–1,000",Special last-night dinner,"Slow-roasted meats, pasta, desserts",https://ph.trip.com/guide/food/where-to-eat-in-baguio.html
Cafe Sabel (BenCab Museum),Tuba (near Baguio),"Cafe, Filipino–International",400–600,Lunch with art museum view,"Coffee, pasta, rice meals with mountain view",https://bencabmuseum.org
Harrison Road Night Market Food Stalls,Baguio,Street food,50–200,"Very budget eats, local street experience","Isaw, skewers, shawarma, strawberry taho",https://www.traveloka.com/en-my/explore/tips/explore-baguio-night-market-acc/408994
Tagpuan sa San Juan,San Juan (Urbiztondo),Filipino rice bowls,80–200,Post-surf budget meals,"Bagnet rice bowl, tokwat baboy, pares bowls",https://booky.ph/biz/tagpuan-sa-san-juan-urbiztondo/menu/
El Union Coffee,San Juan (Urbiztondo),Specialty coffee & toast,150–300,"Coffee breaks, merienda","Dirty horchata, cold brew latte, grilled cheese",https://elunioncoffee.com/pages/cafe
Makai Bowls,San Juan (Urbiztondo),Smoothie & fruit bowls,200–300,Healthy snacks between swims,Acai or tropical fruit bowls with granola,https://thesmartlocal.ph/la-union-restaurants/
Sabong Fried Chicken,San Juan (Urbiztondo),Fried chicken,250–400,Comfort food dinner,"Kare-kare fried chicken, flavored wings",https://thesmartlocal.ph/la-union-restaurants/
Kermit La Union,San Juan (Urbiztondo),Italian / Pizza,400–700,Casual dinner with drinks,"Wood-fired pizza, pasta",https://thesmartlocal.ph/la-union-restaurants/
General budget carinderias & tapsilogan,Baguio & San Juan,Local carinderia,120–200,Everyday budget meals,"Silog meals, simple ulam + rice",Look for local carinderias near your stay
